key,value,label,emerlabel,version,sent1,num
topic0,1.212213,many time; keep press; billion dollar,0,11.30,1: frequently get play back error and can't be fix even on good_wifi also when_i try_to rotate the screen it don't rotate many_time it's_annoy after a_while;<br>2: usually you'd get to_see what volume you're at on a square like display thing that come_up on your screen;<br>3: happen_for every_video i watch it will go_out_of sync for awhile and sync back repeatedly which get very_annoy;<br>,1
topic0,1.541531,whats wrong; make sense; billion dollar,0,11.34,1: these new rule be idiotic every_time_i go_on one_of my subscribe youtubers on there video it_say im go_to quit youtube why_can't youtube just go_back_to the way it be it be way more fun now i_can't enjoy youtube anymore;<br>2: i_can't reply_to a person_who comment on someone original comment i_can_only reply_to the_original comment please_fix_this when_i like a_video and_then click off the video and_then click_on it again my like be go when_i give a_video a thump up or a dislike after i refresh the page the like be go;<br>3: every_time_i try_to go_to someone's youtube channel it_doesn't_let me and it keep go_back_to all channel and i have to click a_couple more time until i'm_able_to fully view just one person's channel;<br>,2
topic0,2.504457,keep write; full screen; relate video,0,11.35,1: sound no picture tap screen picture be there but freeze sound lip sinc be out;<br>2: sound no picture tap screen picture be there but freeze sound lip sinc be out;<br>3: either add a back_button or allow swipe from the leave edge to retrace your step without have to go all the way into the view history;<br>,3
topic0,1.318091,take age; bug fix; get stick,0,11.38,1: the quality be horrendous even ad now be in poor quality video take_age to load and even longer to load 720p focus less on add new_feature and more on fix the one we've get seriously youtube get a grip;<br>2: s plz give option_to skip all add longer then 5_second or_at_least all 30_second_ad iv have to resort to watch_vids_on safari not_impress;<br>3: it's_really get annoy and on my nerve;<br>,4
topic0,1.435363,social medium; use safari; cant see,0,11.39,1: white box appear with_no content or any way_to close;<br>2: and also give_us a way_to change thumbnail on_io or_at_least a quick way_to get to desktop mode;<br>3: it_seem that this update have way_to many unskippable_ad and heap_of them go for_age for unskippiable ad but other wise it's gr8;<br>,5
topic0,1.562933,find anything; ipad air; keep get worse,0,11.41,1: when_i restart_my_device i almost have a dead blue screen;<br>2: a_lot_of people have unlimited data plan and this be_ridiculous that i be restrict to low quality video;<br>3: when_i search stuff and more and more it's_annoy it stay_there and i wanna get it remove private stuff i do but i don't_want anyone to_see it you know_what i mean;<br>,6
topic0,1.942599,landscape mode; home trend; next time,0,11.43,1: we finally get use to it and_then you change it again every_single_time;<br>2: youtube keep change the model on_io and finally they get it right and it be good_but then they change it again to this garbage and now it's so_much less smooth;<br>3: when_i change from landscape_mode back_to portrait my_ipad display get zoom and <digit> <digit> of the screen actually blackout;<br>,7
topic0,1.571233,side bar; cellular data; keep get,0,11.45,1: random connection issue even_though i'm always on full bar random crash;<br>2: too_much add that i'm_not able_to skip;<br>3: it_doesn't it's a light blue instead_of the dark one;<br>,8
topic0,1.795842,scrub bar; side bar; cant see,0,11.47,1: when_you change the video quality you will get video error;<br>2: and now i don't get recommend video at_all underneath video;<br>3: when watch_a video in_full_screen_mode under the scrub_bar there_be recommend video which pop_up onto the screen if_you even accidentally touch the damn screen also scrub be a_pain with the recommendation pop_up instead_of let_me scrub remove this;<br>,9
topic0,1.811780,data usage; cellular network; get stick,0,11.47.1,1: sometimes i_can't exit out_of a_video like the video keep play and everything be normal almost like i'm_not even press the minimize screen button;<br>2: and give viewer the option_to view specific video at a higher frame rate on their ipads irregardless of the generation of the model;<br>3: please_fix ive get a problem when_ever i minimise the vid and drag it down to the_bottom right corner it go all the way up the_top leave of my_screen and if i tap another video it go_back_to the_same video please_fix;<br>,10
topic0,1.922820,play button; offline view; important thing,0,11.49,1: when the video i'm watch_a video half_way_through it freeze for_about <digit> minute then start play again sometimes it_doesn't play_at_all and i have to_close the tab and re_open it again;<br>2: i will add a_video to a_playlist that's already offline and what should happen be when_i go_into the offline version_of that playlist i should say sync new video but it_doesn't it_doesn't do_anything other_than drain_my_battery and heat it up to <digit> degree celsius around <digit> degree fahrenheit as i_try to find a way_to get it to work;<br>3: everyday i have to_close my_phone totally for watch_a video even after <digit> update;<br>,11
topic0,1.818096,double tap; rewind button; nothing happen,0,12.03,1: while it be still possible to drag the time bar the bar be so small you almost inevitably tap the screen and rewind fat forward;<br>2: the recently implement feature which make it that if the side_of_the screen be tap the video either fast_forward_or rewinds be extremely_annoy as it cause many accidental time skip;<br>3: look youtube this double_tap_to go forward_or_backwards 10_second would be a_good idea if it didn't take_up the_whole screen;<br>,12
topic0,2.143391,say something; full screen; double tap,0,12.04,1: since there_be button on the leave and right of the video that take_up more_than <digit> 9ths of the screen every_time you don't tap in the exact middle column it will take more_than 1_second for the control to show_up;<br>2: when in_full_screen tap the vid be really_slow delay but double_tap be_fine and plz go_back_to the_old one plz where u touch the screen it's instant;<br>3: please_add a button to disable the two tap ten_second skip it get very_annoy;<br>,13
topic0,1.313129,nothing happen; keep show; full screen mode,0,12.05,1: the_app doesn't crash but when_i click i video to_watch it do_not_play at_all;<br>2: h this start today when_i be look on my_subscription video and the thumbnail be literally all distort and glitchy lot_of odd white stuff everywhere on the thumbnail please_fix it;<br>3: when_i try_to resume it try_to play an_ad even_though there_wasn't a stop for one and_then say_something_go_wrong;<br>,14
topic0,2.103163,keep get; single video; home button,0,12.06,1: i get log off by the_new_update and now i_can't log_in back;<br>2: every ad i get be a 30_second_ad that i_can't skip;<br>3: i open the_app after_update it and i get log out_of_my_account and i_can't manage_to get back in so i have to make a_new one lose_all my_playlist;<br>,15
topic0,1.840749,ipad air; nothing happen; get stick,0,12.07,1: i've click about <digit> video and they load for_about <digit> second_then a screen pop_up say_something_go_wrong tap_to_try_again;<br>2: whenever_i load a_video i either get a drone repeat sound or no_sound at_all;<br>3: every_time you get to the home tab video show_up for_a_bite then when_you scroll_down a_video every_video on the page disappear this have be happen_for the_last <digit> update;<br>,16
topic0,1.816197,lgbt community; main thing; home button,0,12.09,1: fix_this i_can't_watch even <digit> video because it just doesn't_play;<br>2: <digit> <digit> <digit> be it me or be it the video can't be play;<br>3: no_matter_what the video do_not_play it always_have the tap_to_retry screen and it so_annoy;<br>,17
topic0,2.122221,pathetic effort; obvious option; double tap,obvious option; pathetic effort; background playback,12.10,1: when_i press a_video be say_something_go_wrong tap_to_retry so i tap and it play for_about 20_second before the message_come_up again;<br>2: i_hate accidentally_click the button then have to remove the_app from my_tv;<br>3: have the button in a spot where_you consistently bump it and to not have the option whether you choose to connect_to the tv be a_huge pain;<br>,18
topic0,1.737151,stupid message; keep get; keep show,0,12.11,1: very_annoy how near the_end_of the video a_little bubble pop_up with a recommend or next video;<br>2: no_matter_what video i_try to_watch the message_something_go wrong_try_again pop_up;<br>3: towards the_end_of the video it go_back_to footage from earlier in the video;<br>,19
topic1,1.548463,many time; keep crash; get stick,comment section; background play; wrong tap,11.30,1: lot_of crash like and dislike won't_show a_lot_of the time and comment_section a_lot_of the time doesn't_show;<br>2: it crash more time in one_day then all in an entire month;<br>3: <digit> of the time i_click_on a_video it's crash the_app plus there's so_much ad i_don't_know if that's the publisher ad or youtubes ad please_fix i'm get tire_of this;<br>,1
topic1,1.258545,offline mode; make sense; billion dollar,0,11.34,1: usually the_app work_perfectly_fine for_me but for the_past_few day when_i open youtube it_say it's offline and it's_not in offline_mode or_anything i redownloaded it update my_ipad and all that but nothing's work not_sure_if it's a bug_or just me but can_you reply with someway to fix_it or_something;<br>2: for a billion_dollar company i'd expect something that just work and make_sense;<br>3: fix the comment plz can't_even tell the difference_between comment and reply and everything_else you do in the update scrap it and start over plz;<br>,2
topic1,2.389557,live stream; relate video; right hand,0,11.35,1: when_i try_to watch video the ad and the video won't actually play;<br>2: when_i click_on_a video everything be normal but it_doesn't allow_me_to watch it it would say it's play but it's freeze;<br>3: also when_i watch live_stream video it come_up and put me on live when the live_stream be do then it disconnect me;<br>,3
topic1,1.466969,take age; bring back; get stick,0,11.38,1: i look forward for a fix as i_can't_watch youtube right_now;<br>2: after the update i_can't seem_to play the video and thats so_frustrate cuz youtube isn't some small company and bug like this should_be immediately fix;<br>3: i_try delete the_app and download it again but it didn't fix anything;<br>,4
topic1,1.285333,try everything; social medium; use safari,0,11.39,1: reoccurring issue since_the last_update video add load_but won't_play some day it will work then next they won't multi bil company would think this_issue would have be resolve immediately by now smh;<br>2: i need_to reboot my_ipad to fix the problem;<br>3: hello i_love_youtube and it's great to have it on_my_ipad and i_know that_there_be gonna be a_few bug most_of_the bug this_app have doesn't really effect me but after the_new_update there's one that do;<br>,5
topic1,1.483623,find anything; ipad air; offline mode,0,11.41,1: i've_delete the_app and re_instal it turn_my_phone on and off aeroplane mode retard my router and nothing_seem_to work;<br>2: the little red circle need_to be bigger so tiny;<br>3: reset my router still nothing;<br>,6
topic1,1.121731,cellular data; next time; wont load,0,11.43,1: google get_rid_of the ego and actually make the_app work;<br>2: many glitch the_app randomly freeze and exit when connect_to_wifi app think there no_connection then i have to use cellular_data to make it work other_than_that it can be a_great app;<br>3: i'm honestly surprise i really didn't think ya'all could have make the youtube app any worse_than it be;<br>,7
topic1,1.782315,channel art; sub box; top comment,0,11.45,1: you still have not fix the error about the channel banner not_be_able to upload and in top_of that now i_can not_even change_my profile picture anymore;<br>2: please_fix it banner and profile picture make a channel good;<br>3: can_you please_fix the new bug_where you want_to load a_video than it load_but it_doesn't load and it make me really angry;<br>,8
topic1,2.176126,keep crash; double tap; pathetic effort,0,11.47,1: need major work who ever make this update need_to be fire;<br>2: okay these really need_to be fix;<br>3: it's_not even need if_you find a fix just_leave it below the video description area like bruh idgaf about ur recommendation stop think about what you think i might like;<br>,9
topic1,1.431898,keep say; wrong tap; third party,0,11.47.1,1: they will always show_me something weng wrong_tap to try_again please_fix it immediately;<br>2: my video_aren't work they always_say_something_go wrong even_if i use_safari it_still_won't work please_fix it i miss youtube i_try redownloading it but it still wind not_work ps i be on iphone_5 might be a bug for just my software;<br>3: my youtube won't_let_me log_in and keep_say try_again_later or_something and ik that my email and password be correct bc i use the_same <digit> to login on_my_laptop but it's_not work for my_ipod;<br>,10
topic1,1.271409,nothing happen; home button; terrible layout,0,11.49,1: i always get this error please_fix it;<br>2: i update the_app and still error youtube you gotta get your shi t together like you be one_of the most_popular apps out there and if_you_don't fix_this error which keep_on come your go_to loose a_big portion of you audience;<br>3: since_the latest_update i get video error;<br>,11
topic1,2.343905,wont load; party apps; stop change,party apps; wont load; audio continue,12.03,1: all the time the video make robotic noise and you cant understand what you're watch;<br>2: most if not all the time video wont_load when they can work in 3rd party_apps;<br>3: the_new_update make it look_like trash;<br>,12
topic1,1.651480,important thing; grey screen; major problem,important thing; major problem; grey screen,12.04,1: since_the last_update i get too_many_ad during video stream this be crazy;<br>2: i_can no_longer view the list_of video from channel_i'm_subscribe to since_the latest_update;<br>3: you have the perfect moment to get really excite on a_video you click accidentally twice or once idk and_then it move on;<br>,13
topic1,1.801976,last time; spring day; full screen mode,0,12.05,1: and if it do it crash right_away;<br>2: first_time in youtube history i've_never have it crash except_for today fix_it please;<br>3: just update the_app and now it's crash and not play_any_video;<br>,14
topic1,1.989635,mise jour; spring day; load circle,0,12.06,1: le pub ont ne peut m_me plus le passer et j'ai perdu mon compte youtube et impossible_de le r cup rer;<br>2: it work_great never_have any_problem on it it's_awesome keep up the good work youtube and keep make your_app better m8;<br>3: lors de_la mise_jour j'ai t d connect et depuis il m'est impossible_de le faire;<br>,15
topic1,2.484906,billion dollar; get notification; full screen mode,0,12.07,1: it work a_week ago get it fix;<br>2: when_you get to upload a_video you_can't make a thumb nail which_be very_annoy me because i don't have a_computer to make a thumb nail and like some other_people i_know who just start their_channel like me and we_don't get more sub from that please_fix now;<br>3: first_of all i have my_notification set not to email me and i get email all the time secondly i have the bell icon set to send_me notification to almost_every channel and half the time i don't get_notification;<br>,16
topic1,1.990685,chrome cast; playback issue; use safari,0,12.09,1: watch_a video to a youtube playlist for_a_few day and i'm still not_sure what i be a_great way of the day_before i get a follow back on my way home_from work to be the_first_half of the day_before i get a follow back on my way home_from work to be the_first_half of the_first_half be the_best of the_first_half of the first place for_a_few year back in my head and the other hand be the_first_half of the day i get to the day i get my nail be you do the most beautiful girl i_love it and it be the_best of the_first_half of the day_before the_end_of the_first_half of the first place for the day_before i go_back and i don't think that i have a_great way of life and the other hand be the_only_thing that would_make it a_lot_of the day i will_never get a_new phone case you want me too i_guess i'll be the_best thing to say i have a_great way of life and the_first_half of the_first_half be the_best thing to say i have to go bye;<br>2: doesn't_even work half_of the time;<br>3: for two day now any time i_try to_watch a_video it_say_something go_wrong_tap_to retry;<br>,17
topic1,1.461096,wont play; wifi connection; playback issue,0,12.10,1: something be go_on since_the latest_update i_can't view_any_video pls help;<br>2: since_the newest_update i_can't view a_single_video;<br>3: it keep sayig something be wrong;<br>,18
topic1,1.615381,comment section; background play; wrong tap,comment section; background play; wrong tap,12.11,1: lot_of crash like and dislike won't_show a_lot_of the time and comment_section a_lot_of the time doesn't_show;<br>2: it crash more time in one_day then all in an entire month;<br>3: <digit> of the time i_click_on a_video it's crash the_app plus there's so_much ad i_don't_know if that's the publisher ad or youtubes ad please_fix i'm get tire_of this;<br>,19
topic2,1.593482,billion dollar; long time; right hand,0,11.30,1: although this be happen in the_previous_update you would be_able_to pause the video and the visual would catch up again with the audio and everything would be_fine;<br>2: would also appreciate be_able_to manually select video quality_over a mobile network as be possible many version ago;<br>3: video be_stick_at the black load screen and would not load;<br>,1
topic2,1.224021,audio continue; offline mode; make sense,0,11.34,1: there a_bug_where when_i zoom into a_video and cant zoom back out and when_i click_on_a channel in_my_subscription it doesnt open;<br>2: hi my name be ms yvettemarie and when make my review i'm go_to be_honest and upfront cause that's what i do always honest with people yeah tell em straight me best way_to be i_reckon and the truth be i_reckon youtube be pretty slack because when_i try_to load a_video it_take a_good 10_minute to load and i_reckon it can't be issue_with my_wifi because i always_have sufficient wifi and so i'm guess the issue must_be on youtube's side which_be a_bite unfortunate because youtube as a very proud very strong black woman who descend from be part aboriginal malaysian and although very proud of my malay heritage i identify as be aboriginal very proud of my race and where i come_from and i only access your channel to educate myself on my wonderful history and culture of indigenous australia but i have to say i'm quite disappoint when your video take_forever_to load and so i would please ask that you rectify any issue you may_be encounter on your end thank so_much and overall i_reckon your_app be marvellous despite the problem i encounter try_to get the video to load so good one thank guy;<br>3: every_time_i try_to go_to someone's youtube channel it_doesn't_let me and it keep go_back_to all channel and i have to click a_couple more time until i'm_able_to fully view just one person's channel;<br>,2
topic2,1.926336,subscribe channel; sub box; several time,0,11.35,1: when_i try_to click_on my subscribe_channel to view video the_app doesn't select that specific channel and just show the all channel section;<br>2: youtube be such_a good_app for device but the_newest_update make it not the_best when_i try_to click_on_a channel in the subscribe bar it_doesn't go_into there channel so i have to search up there channel and it_take more time;<br>3: when_ever i_want_to watch_a video it do_not come in_hd even_when i put it in_hd and secondly be when_i want_to click_on_a channel i sub_to i have to click it five time so please_fix it;<br>,3
topic2,1.466969,bring back; get stick; take age,0,11.38,1: when_i try_to watch_a video it will_play until about half_way and_then it will skip the picture to the near the end but the sound will_still be where i be still watch and_then when_i try_to put skip it back_to where i be it just go_to the start;<br>2: i_want_to be_able_to watch video again bc thats the_whole point;<br>3: not_only will it not let_me load the video i_want_to watch the ad at the beg won't_even load;<br>,4
topic2,1.596210,social medium; multiple time; pause button,0,11.39,1: g when_i be sigh into my second account and upload a_video it upload on my_first account instead even_though i be sigh out_of_my first_account;<br>2: literally just this patch when_i go_to play a_video it will_load_but it won't_play;<br>3: this social_medium egocentric stick your nose into everyone el business chat bull intrude into almost_every app and into almost_every part_of our live should_be a psychological worry to all intelligent people;<br>,5
topic2,1.299752,home button; channel art; find anything,0,11.41,1: youtube app do_not_work every_time_i play a_video it will_not_work;<br>2: i even have a_video constantly restart over and over every <digit> second;<br>3: every_time_i trie to_watch a_video it_doesn't_work it like it freeze pls_fix_this;<br>,6
topic2,1.471687,multiple time; download quality; default download quality,0,11.43,1: when_i try_to load a_video if freeze and won't_play_anything they definitely need_to_fix it;<br>2: try sign_in multiple_time every_time_i try_to sign_in it_say there seem_to_be a problem please_try_again later;<br>3: on_my_ipad when_i try_to tap_on another youtuber when look through my_subscription it_doesn't_work;<br>,7
topic2,1.318131,sub box; portrait mode; whats wrong,0,11.45,1: when_i go_to click_on_a video it just_keep on load until it_say unable_to_play video and keep loop;<br>2: when_i click_on_a video to_watch it do_not load;<br>3: when_i load youtube every thing load except_for when_i click_on_a video it just have that error tap_to_retry and i've_try_everything nothing will_load;<br>,8
topic2,1.837792,wont work; wrong tap; double tap,0,11.47,1: everytime_i click_on it tell something wrong_tap n try n it wont_work when_i click onto a_video on youtube;<br>2: really_good but when_i finish a_video and go_to click_on_another one it crash;<br>3: every_time_i finish a_video and click another one it crash;<br>,9
topic2,2.565900,scrub bar; subscription tab; subscription box,0,11.47.1,1: every_time_i try_to load a_video it_say that something_go_wrong and to_retry;<br>2: can't_get into subscription_box home and account work_fine_but when_i try_to load the subscription_box it just_say to reload but even_when i do that there's still an_error_message;<br>3: when_i press_on a_video once_in a_while the video won't_even load and if i tap_to_retry again it will just_tell_me again;<br>,10
topic2,1.329942,default download quality; download quality; fix something,0,11.49,1: then when_i pause a_video for_about 2_minute when_i have to do_something when_i try_to play it again the play_button stall for_about a minute_or <digit> then start play or doesn't start play_at_all fix pls;<br>2: give_me_an_error every_time_i try_to play a_video;<br>3: i'll have a_video play in the corner and scroll_down my fee but when_i make the video full_screen for over a minute then back_to the_home_screen;<br>,11
topic2,1.666823,nothing happen; what's wrong; party apps,0,12.03,1: i would very much like to be_able_to move the video slider so i_can skip_ahead in a_video rather_than spend most_of_the video try_to actually click the slider;<br>2: after the update whenever_i_go to play a_video it_say_something go_wrong;<br>3: text be smaller the on screen medium control while_watch a_video be now laggy i_can't play or pause the video with my bluetooth keyboard anymore and the skip_ad button be only larger for the skip_ad countdown then it's just a tiny little button much lower_than where it be before;<br>,12
topic2,1.482625,numerous time; playback error; wrong tap,0,12.04,1: every_time_i try_to watch my video it will just_say_something go_wrong_tap_to retry i_hate it when it happen it_say that with my video;<br>2: youtube crash when_i try_to open it on_my_ipad air_2 run io_10;<br>3: when_i click_on the video it_say video unavailable;<br>,13
topic2,1.438088,something's wrong; watch vids; full screen mode,0,12.05,1: every_time_i try_to play a_video it_won't_let me;<br>2: every_time_i want_to_watch a_video it just_say an_error_occur try_again_later and i do and it_keep_say that;<br>3: whenever_i_try to_watch a_video it_say there's_an_error;<br>,14
topic2,1.304382,watch anything; home button; side bar,0,12.06,1: video arent load and when_i go_to open a description the_app crash;<br>2: that be what i get when_i try_to watch video on my i phone it_doesn't_work fix_this_please;<br>3: new_update i_can't load video it_keep_say something_go_wrong_tap again and when_i do it_say the_same_thing;<br>,15
topic2,2.138937,wont load; black screen; get notification,0,12.07,1: something_go_wrong_tap to_retry that's what it_say every_time_i try_to watch_a video fix_this;<br>2: every_time_i try_to watch_a video it_say_something go_wrong;<br>3: unwanted reccomendations still appear when_i open youtube app;<br>,16
topic2,2.332003,restrict mode; scrub bar; full screen,0,12.09,1: latest_update cause youtube to crash when click_on video on_facebook;<br>2: the video i_try to_watch keep_on crash;<br>3: app be insanely buggy crash daily and video don't_even work half the time;<br>,17
topic2,2.315265,error message; try reinstall; keep say,0,12.10,1: when_i press a_video be say_something_go_wrong tap_to_retry so i tap and it play for_about 20_second before the message_come_up again;<br>2: whenever_i_click_on a_video it would buffer and say_something_go_wrong tap_to_retry;<br>3: every_time_i try_to load a_video it_say_something go_wrong;<br>,18
topic2,1.982979,say something; stupid message; comment section,0,12.11,1: every_time_i open a_video it_say_something go_wrong_try_again;<br>2: i open a link on a_video to sub_to a_youtuber and guess what_happen;<br>3: even_when i do get in and play a_video it_say it can't be play rn;<br>,19
topic3,1.337317,audio keep; cellular network; keep crash,say something; web browser; stupid message,11.30,1: even_if there_be_a fix it'd be those google message;<br>2: when will this be fix;<br>3: my youtube app on_my_iphone <digit> here always_crash now for_some_reason;<br>,1
topic3,1.445197,long time; audio continue; say error,0,11.34,1: <digit> <digit> <digit> this_app no_longer_play video it only play advertisement it show various advertisement then when it be time for the <digit> and only video to load it give an_error and play another ad;<br>2: it's clearly not_my_internet because i_can play video on_my_iphone <digit> perfectly;<br>3: the_new_update seem_to have create a time out where it shut off after about <digit> 30_second of play a_video;<br>,2
topic3,2.578439,many people; subscription section; web browser,many people; subscription section; sub box,11.35,1: i really do enjoy use this_app but in the_latest_update it have be really buggy_as i_can not select on the channel in_my_subscription it instead take to my_subscription_box with all_my channel i subscribe_to;<br>2: would highly appreciate an_update soon i use youtube for education purpose if_you're wonder;<br>3: it be ruin our app and the update which require ios8 to use this_app be_ridiculous;<br>,3
topic3,1.223582,get stick; bring back; bug fix,0,11.38,1: it happen since_yesterday and it work at time but most_of_the time it_doesn't play anything please_fix it;<br>2: youtube please_fix you_guy actually listen_to review;<br>3: as you're probably aware the_app freeze on the first_frame of the video and doesn't_let you enjoy the content please_fix;<br>,4
topic3,1.596210,multiple time; pause button; social medium,0,11.39,1: there_be_a problem_with the video adjustment problem while play the video when the video go_back through the loop and extend the duration;<br>2: youtube since_the new_update the video want play if_you_don't fix_it problem i will die it early in the morning i be so excite because today some_of my_favourite video just when up so plz_fix as_soon_as_possible no fix_it right_now but i_love_youtube but not this time;<br>3: youtube have stop play video_will_load up a blank or normal video screen will download the video but will_not_play no_matter_what i do io_10 i suspect;<br>,5
topic3,1.562933,find anything; ipad air; keep get worse,0,11.41,1: the link not open for the description please_fix that quickly;<br>2: netflix and tv channel be work so i don't believe it's a wifi issue;<br>3: so i_try to log_in with my_account and i_can't log_in i_try delete it to fix the problem but it_doesn't do the trick;<br>,6
topic3,1.540194,multiple time; next time; try delete,0,11.43,1: please_fix it it have be for day already;<br>2: it happen on every_video with add on it so please_fix the thing that be break with the_app before you add_more crap to the_app;<br>3: please_fix all the bug asap;<br>,7
topic3,1.446078,night time; wont load; wont let,0,11.45,1: like someone else who have recently write_a review some_of the video work but most don't;<br>2: most_of_the video i select to_watch won't_load as it_say it's do so while others work fast and fine;<br>3: can't_watch_anything all the thumbnail and video stay grey fix_it now;<br>,8
topic3,1.476768,scrub bar; background playback; multiple time,0,11.47,1: i_can't_even minimize youtube without interrupt payback yet several competitive apps_that also play youtube video can play in the_background jus fine;<br>2: i_can't see the recommend vids i see the vids description then the comment no suggest bid and i_don't_know the name of every_video so i actually get bore for once on this_app;<br>3: also since i'm a_youtuber and i don't have a_computer i_can't do thumbnail or stuff you_can only do on the computer;<br>,9
topic3,1.408257,many people; subscribe channel; ten second,0,11.47.1,1: other_than_that it's a_great app there_be just so_many_bug that i_wish they would fix as this not the first_time i experience something like this;<br>2: it's_really_annoy me and i'd_like it if_you would fix_it;<br>3: better wait_for heck to freeze over it'll come faster so in the meantime why don't you fix the problem;<br>,10
topic3,1.572752,make sense; audio continue; home button,0,11.49,1: so whatever your problem be fix_it;<br>2: your_app be not_work for_me please_fix problem and if_you do fix_it i will rate_5_star;<br>3: i'll never use your_app again i've be give you_guy a solid <digit> year to fix the issue of not_be_able to have youtube in the_background and still be_able_to listen_to whatever i'm watch on youtube;<br>,11
topic3,1.698548,full screen; audio continue; party apps,0,12.03,1: there_be_thousand_of video that have this_stupid_message they're unwatchable in_canada and none_of_you be fix_it;<br>2: this update be honestly the worst thing so_far it be annoy when_i accidentally_skip <digit> 30_second try_to go_out_of full_screen for something;<br>3: the_new_update be incredibly glitchy and annoy;<br>,12
topic3,1.717928,say something; many bug; wrong tap,0,12.04,1: the problem be also happen upon google's video which i would_like fix as_well please;<br>2: finally figure hey i'll update the_app maybe they finally fix some issue;<br>3: if i be a beta tester for this_app my one criticism for this_app would be one post note say fix_it;<br>,13
topic3,2.061933,double tap; spring day; last time,0,12.05,1: the youtube apple_tv app need a_lot_of fix <digit>;<br>2: there_be_nothing wrong_with it and now there_be;<br>3: now i have to find a_new app or_something like that but seriously it's f_ing bull t;<br>,14
topic3,1.741909,wifi connection; spring day; keep say,0,12.06,1: i would definitely rate at_least 4_star if this be fix;<br>2: please give none wifi_connection quality control;<br>3: the youtube be keep_crash thank to the update please_fix;<br>,15
topic3,1.563634,stupid message; watch anything; get stick,0,12.07,1: this be_ridiculous it be week since this_app actually_work last how cant you fix_something so simple wtf;<br>2: this_app have so_many issue and optimization problem it's_not even funny;<br>3: i would_like to_see this_app back and operate as it use to be and i don't_mind those format change as_long as future update provide a better and more reliable platform to_watch entertainment;<br>,16
topic3,2.158636,playback issue; scrub bar; many people,0,12.09,1: and sometimes a_video take so_long to load and there's_a playback_issue message and i check_my wi_fi and it be super_fast and have_no issue;<br>2: and sometimes a_video take so_long to load and there's_a playback_issue message and my_wi_fi be super_fast;<br>3: don't make everyone suffer because you_guy mess_up;<br>,17
topic3,1.648087,playback issue; background playback; pathetic effort,0,12.10,1: you_need_to make this_app actually functional and work like normal again;<br>2: a_lot_of people have request it and it would_make thing so_much easier;<br>3: and sometimes a_video take so_long to load and there's_a playback_issue message and i check_my wi_fi and it be super_fast and have_no issue;<br>,18
topic3,2.289432,say something; web browser; keep write,say something; web browser; stupid message,12.11,1: even_if there_be_a fix it'd be those google message;<br>2: when will this be fix;<br>3: my youtube app on_my_iphone <digit> here always_crash now for_some_reason;<br>,19
topic4,1.349926,long time; subscription page; keep crash,0,11.30,1: work pretty well without_any major bug_or issue i be just wonder_if a 1080p 2k 4k video quality option will be add to the_app;<br>2: almost_all the time video will_not_load on my_wifi while other_apps do i_can also see the thumbnail when this_happen and all seem_to_be work until the video_won't_load;<br>3: i have heap_of playlist on youtube so that i_can just let it play and it won't stop and this work;<br>,1
topic4,1.468851,keep crash; make sense; billion dollar,0,11.34,1: the image size be off and won't_even fit when add via the_app but take the right size via the website itself;<br>2: aug <digit> title annoy rat 2_star i'm go_to have to remove this_app it can't do everything that a browser can so why it keep try_to open the_app instead be_ridiculous;<br>3: when_i go in to the_app it_say_error or offline and that sucke;<br>,2
topic4,1.863027,connection error; face cam; major problem,0,11.35,1: well the update do_not completely destroy the_app but what can a ralph do to a perfectly well_do build besides end_up destroy it;<br>2: i have heap_of connection_error show_up as i be watch_a video when in fact my_internet be perfectly okay and be work in other_apps;<br>3: and worst be the_only_reason why i delete the_app the reload it be because the caption be not_work for a_week already;<br>,3
topic4,1.767058,get stick; bring back; bug fix,take age; get stick; bring back,11.38,1: with the_new_update i_can't_even play a_video it stay_on one frame and won't continue;<br>2: everytime_i want_to_watch a_video i_cant_watch it because it be the_whole time on pause and i_cant get it on play help_me pls;<br>3: it happen since_yesterday and it work at time but most_of_the time it_doesn't play anything please_fix it;<br>,4
topic4,0.996984,social medium; slide bar; rewind button,0,11.39,1: i_can then reply_to your reply from my_first reply_to your reply and_then you_can re_reply so i_can re_reply to your re replay and_then we_can become life time friend because we_have reply and re_reply all_day long;<br>2: i_can_only give it one_star because i_can't reply_to reply_to a reply_to a reply_to a reply_to a reply or even_worse still i_can't reply_to a re_reply;<br>3: sorry no time i get to reply_to a reply;<br>,5
topic4,1.497697,keep freeze; long time; find anything,0,11.41,1: ok_so my_internet work_fine_but there's_a bug_or something that load video and_then they_don't play;<br>2: i_can't_even play the video even_though it be load;<br>3: i come home_from school and go_to watch_a video and it didn't_work as in the video didn't play plz_fix the bug_or glitch;<br>,6
topic4,3.209539,slide bar; rewind button; full screen,internet connection; channel art; double tap,11.43,1: back then i use to spend <digit> hour a day on youtube;<br>2: <digit> hour of background activity when_i do_not even use it for longer_than 30min;<br>3: this week after an_hour i_could go from <digit> down to <digit>;<br>,7
topic4,1.906447,playback error; something wrong; keep get,playback error; keep get; something wrong,11.45,1: youtube do_not let_you change video quality when on cellular;<br>2: it do load and it just_stop i_don't_know if there's_a problem on the video buffer or just something_wrong with the_new_update because i even redownloaded youtube this_morning it didn't change anything;<br>3: this be an_amaze app until the update come because i_can't_even watch one video it just_sit_there load the_whole time please_fix_this because i_love watch youtube;<br>,8
topic4,2.250177,auto play; audio keep; cant see,0,11.47,1: edit never mind it don't_work i find more problem the video on the side won't_show_up and the button you_can turn on to play video like a_playlist be completely go and doesn't_work and it still crash;<br>2: this have lead to multiple night where i have fall asleep watch_a video but_for_some reason the auto_play feature have turn itself back on;<br>3: it's_not just the video i'm watch either once the sound be go it's go;<br>,9
topic4,1.622134,cellular network; data usage; third party,0,11.47.1,1: i_think you loose a_lot_of people from use your_app due_to this;<br>2: one_of the most buggy apps i have ever use;<br>3: this use to be a_good app use to be the keyword;<br>,10
topic4,1.721348,internet connection; web browser; grey screen,0,11.49,1: you say you find a_new and improve way for people to share video with one another but it's high time you_guy make the youtube app capable of off line play or_at_least when_i leave the_app it should still play music like google play;<br>2: that be say it connect_to youtube and play video audio;<br>3: whenever_i click a_video it now say could not play try_again;<br>,11
topic4,1.592341,stop change; stop work; home page,stop change; stop work; home page,12.03,1: the_new_update be so_bad change it back;<br>2: change it and never do it again;<br>3: the_new_update on_ipad be_terrible please_change it back;<br>,12
topic4,1.582740,bring back; exit full screen; grey screen,0,12.04,1: you_need_to bring_back option for change resolution when use data;<br>2: but most_of_the other problem people be say probably won't happen if your use the_latest idevices and io;<br>3: the one that bug me the most recently be that after i exit_full_screen my_subscription list go way_to the_top but not completely;<br>,13
topic4,1.918677,nothing happen; watch vids; full screen,0,12.05,1: ever_since i update youtube it's no_longer compatible with my_ipod <digit> even_though the detail say io_8_or later i be on_io_10;<br>2: ability_to thumb up or down <digit>;<br>3: i_can't_even open the_app because when_i click the icon nothing_happen and i'm on_ipad_mini <digit> with io ten;<br>,14
topic4,2.375246,terrible layout; keep get; social medium,0,12.06,1: the_only_reason i use youtube be for the people i've choose to subscribe_to;<br>2: this update be infuriate i use youtube solely for my_subscription which now seem_to_be nothing more_than various category of trend item;<br>3: i_can play ton_of game without lose that much battery and it still charge when use these apps;<br>,15
topic4,1.609062,third party; keep get; next time,0,12.07,1: hey_google can_you fix_this it_keep_say tap_to_retry and i_can_barely watch_any_video;<br>2: every_single_video i_try and watch it_say tap_to_retry tap and nothing;<br>3: and if the ad fail_to chooch then the_whole thing tell_you that you have to tap_to_retry;<br>,16
topic4,2.935857,playback issue; use safari; lgbt community,0,12.09,1: youtube be the_best i_don't_know how people say it_doesn't_work or don't change it;<br>2: <digit> i even uninstalled youtube app reinstall it still show older_version i do_not now what to do to fix htis issue and htis app be seriously stuff_up all my_account information i lock my saftey mode in restrict it never ever stay lock and i have all_my stuff sycning with my google this_app be commit violentions in the fact i have adblocler instal on my mac if my mac be sycned with my_iphone this adblcler should_be blcking ad off my youtube sync mean sync_with account across and link to google fix_this up i don't pay hundred_of dollar ofor a internet to_see ad on any_of my_device;<br>3: i_can't play_any_video it_keep_say tap_to_retry fix_this;<br>,17
topic4,1.633000,background playback; playback issue; pause button,0,12.10,1: the most obvious of all be the lack_of option_to change playback quality while on data and background_playback ability;<br>2: whenever the video quality be change to 720p or 1080p it buffer and never_load ever again;<br>3: no_way to change default maximum video quality when on meted wi_fi;<br>,18
topic4,1.044969,keep get; keep show; playback error,0,12.11,1: just download the update now all video do_not have_any sound;<br>2: no_matter_what i do i_can't change the quality of video from 480p;<br>3: it's_annoy because i just_want_to watch my video in 240p so as not to use too_much wifi;<br>,19
topic5,1.301483,get stick; make money; keep crash,0,11.30,1: pretty bad app in some respect but it's youtube so i_can't bag it out too_much since i use the_app heap but my advice be to release the monkey you're use to update this_app back_into the wild and hire some human developer for the_app;<br>2: pretty bad app in some respect but it's youtube so i_can't bag it out too_much since i use the_app heap but my advice be to release the monkey you're use to update this_app back_into the wild and hire some human developer for the_app;<br>3: visual sometimes black out generally a frustrate and unpleasant experience to use the_app but i don't have a choice but to use it so;<br>,1
topic5,1.119140,keep crash; offline mode; make sense,0,11.34,1: i hardly_ever use the_app as there's too_much junk cover the page it should_be simple but it's_not;<br>2: it's so weird and hard_to use pls_fix it ffs;<br>3: latest_update keep_crash the_app fix_it asap;<br>,2
topic5,2.165817,subscribe channel; comment thread; top comment,0,11.35,1: i also wish the_app be better at resume on the_last screen i use;<br>2: annoy bug_where your ad don't_play and as a result the video don't_play fix_it or the_app be basically pointless;<br>3: yes you_could pay <digit> a year to remove them but only worth_it if_you use the_app a_lot;<br>,3
topic5,1.223582,bring back; get stick; bug fix,0,11.38,1: whenever youtube release_an update the state of use wifi to stream video on the youtube app be so compare to other_apps on the ipad;<br>2: wifi speed from ipad be <digit> to 150mbps;<br>3: it's <digit> and we still_can't choose stream quality_over cellular connection;<br>,4
topic5,1.285333,try everything; social medium; use safari,0,11.39,1: youtube since_the new_update the video want play if_you_don't fix_it problem i will die it early in the morning i be so excite because today some_of my_favourite video just when up so plz_fix as_soon_as_possible no fix_it right_now but i_love_youtube but not this time;<br>2: i've_try_everything to fix_it but the thumbnail aren't show_up;<br>3: ever_since_the new_update it_say that i'm offline and on google it_doesn't load up and i have check_my other_apps that need internet and they work_fine;<br>,5
topic5,1.181489,channel art; offline mode; ipad air,0,11.41,1: when_i search stuff and more and more it's_annoy it stay_there and i wanna get it remove private stuff i do but i don't_want anyone to_see it you know_what i mean;<br>2: i_try use this keyboard on youtube but i_cant reply_to anyone because_of this_bug;<br>3: it be happen more regularly please_fix it it_seem like it be an_issue for many other_user too;<br>,6
topic5,1.383258,fix something; use safari; portrait mode,0,11.43,1: cant_watch_anything even after i update the_app;<br>2: i've restart both the_app and the phone as_well_as reinstall the_app;<br>3: i have try restart_my_ipad turn my_wifi on and off again and even delete the_app;<br>,7
topic5,1.463847,cellular data; drain battery; side bar,0,11.45,1: completely drain_battery even_when not use the_app;<br>2: i be not always around wifi and i need_to use youtube sometimes on_my_phone over cellular_data;<br>3: i have try restart_my_ipad turn my_wifi on and off again and even delete the_app;<br>,8
topic5,2.509398,relate video; keep crash; third party,0,11.47,1: when_i delete the_app last it be because i_could find the recent section on the_app so i just go_back_to use the web page version on_my_phone;<br>2: for_me the_app be_very usefull and_easy_to use;<br>3: the advert be too plentiful to the point_that some advert cause problem and be the source of the bug and glitch in the_app;<br>,9
topic5,1.552157,multiple time; wifi connection; try delete,0,11.47.1,1: the only_way that work for_me to_watch a_video be delete the_app and download the_app again a million time;<br>2: freeze_at_0 second i constantly have to restart device or delete the_app for it to work even instagram freeze_at_0 second on good_wifi too;<br>3: i reload the_app multiple_time delete and_redownloaded change wifi_connection and even try it on a_different device;<br>,10
topic5,1.518123,nothing happen; connection error; full screen mode,0,11.49,1: i even delete the_app and_reinstall but the problem of not actually play_any_video be still an_issue;<br>2: i delete and_reinstall the_app and it do_nothing;<br>3: i delete the_app to get more space on_my_phone but_now it think_it's still on_my_phone and can't re_download it and won't_show_up on my_screen i reset_my_phone 10_time nothing_happen;<br>,11
topic5,1.549154,fix something; keep crash; stop work,0,12.03,1: the control be clunky and hard_to use;<br>2: it use to be easy control buffer bar;<br>3: why be the onscreen control layout so obscure and difficult_to use;<br>,12
topic5,1.346204,bring back; slide bar; several time,0,12.04,1: would throw ipad out and use pc instead but i downgrade the_app and it work flawlessly;<br>2: i_cannot even use the_app since_the last_update;<br>3: try restart_my_phone reinstall the_app try use it on data vs wifi and still nothing;<br>,13
topic5,1.750274,keep crash; nothing happen; stop work,0,12.05,1: i_hate the update i dont_want_to use the_app anymore;<br>2: it fricking freeze whenever_i_click_on the_app no_matter if i remove it from recently use;<br>3: and you have to restart the_app every_time you use it so the newest video load in the subscribe section;<br>,14
topic5,1.921655,spring day; fix something; many time,0,12.06,1: why_do_you consistently change aspect of the_app that be work completely fine_but then mess them all up just for the sake of change;<br>2: i keep have to delete the_app restart_my_phone redownload and hope it work;<br>3: i swipe_up the_app and i lose_my channel and every person i subscribe_to just disappear and i have to create a_new channel;<br>,15
topic5,1.857672,stop work; keep get; cellular data,0,12.07,1: reset wifi work then after a_while it stop_work now doesn't_work_at_all;<br>2: use to work not anymore;<br>3: use to work but after_update it will_load the ad but won't_play them result_in me not_be_able to watch_any_video;<br>,16
topic5,3.029966,subscription list; lgbt community; useless feature,0,12.09,1: thankfully i_can still use it;<br>2: everything work until this latest_update;<br>3: the subscription_list be still completely_break;<br>,17
topic5,1.602549,multiple time; useless feature; try reinstall,0,12.10,1: please_remove this update because it be break or rework it i have delete the_app and_re_download the_app multiple_time and only_one time it work and now it_doesn't;<br>2: honestly i just want the_old youtube back when it always work;<br>3: the_app be still break if i_could_give it negative star i would;<br>,18
topic5,1.454602,background play; keep say; watch anything,0,12.11,1: basically any_video that i watch on_io have the like and dislike disable but if i go_on the pc version it still work;<br>2: you_guy have one job make a work app be you_guy even try;<br>3: i uninstalled instal still the_same_problem;<br>,19
topic6,1.259184,keep get; subscription page; audio keep,relate video; bug fix; stupid message,11.30,1: something when wrong error show_up for every_video;<br>2: no ability_to refresh a page no comment view no relate_video;<br>3: like for_example it all start yesterday night while i be search a_video that i_want_to watch i find it click_on it but_for_some reason it always_crash;<br>,1
topic6,1.445197,audio continue; say error; long time,0,11.34,1: i_want_to watch video without go_into safari;<br>2: i be watch the_same video but then it play a random video that have nothing to do with what i be watch;<br>3: fix_this app asap the_new_update make watch video impossible;<br>,2
topic6,2.611448,comment thread; main thing; comment section,comment thread; main thing; comment section,11.35,1: main_thing be let_us press the subscription and they will_load fix the comment so_we_can tell the difference_between comment and reply and so_we_can reply_to reply;<br>2: the_comment_section be poorly_design as i'm_not able_to reply_to some comment as the reply tab doesn't_show_up;<br>3: i_can't reply anymore to reply and you_can't tell the difference_between comment and reply now;<br>,3
topic6,1.767058,get stick; bring back; take age,bug fix; take age; get stick,11.38,1: i've_try listen_to other youtube like apps or video play apps and still find the_same_problem;<br>2: ever_since_the update video load_but dont play;<br>3: i've_try restart_my_phone restart the_app pause and play the ad redownloading the_app and watch different video;<br>,4
topic6,1.360998,multiple time; pause button; channel art,0,11.39,1: every_time_i go_to watch_a video it load_but never_play i've_try with both wifi and 4g still_doesn't_work please_fix_this as it be worldly perfectly a view day_ago;<br>2: as others have say video load_but won't_play;<br>3: the video would load_but it wouldn't ever start play;<br>,5
topic6,1.562933,find anything; ipad air; keep get worse,0,11.41,1: why_do_you need_to go_to a_different page to read the comment reply;<br>2: recent downdates they sure as_hell ain't update when_you tap_on a comment it instantly go_to reply_to it so when_i try_to scroll_through the comment a reply come_up out_of nowhere;<br>3: when_you get to the comment you go_to another_page when_you try_to see the reply;<br>,6
topic6,1.273041,cellular network; double tap; portrait mode,0,11.43,1: video freeze load_but not play;<br>2: i_can't_even play the video it freeze on the play icon but isn't play;<br>3: video can load_but freeze and be_unable_to be play even_when change the slider to different video time;<br>,7
topic6,1.261488,audio keep; load circle; wont let,0,11.45,1: ok_so everytime_i go_on youtube i_want_to watch_a video i play the video and the video freeze but the audio_keep go;<br>2: sound play but video doesn't_load circle keep circle;<br>3: no_more video play on youtube;<br>,8
topic6,1.282482,mise jour; background playback; try delete,0,11.47,1: je ne peux plus utiliser youtube car la mise_jour <digit> d cembre <digit> ne se t_l charge pa;<br>2: depuis <digit> semaines je n'arrives pa regarder de vid_os sur youtube et pourtant ma copine qui a le m_me t_l phone que moi y arrive sans probl me;<br>3: flood with add get beyond the joke the one where_you_can skip after 5sec be_fine_but the <digit> 30sec add be a head fck also how_do you see where_you comment on a_video;<br>,9
topic6,2.511721,audio keep; play button; relate video,0,11.47.1,1: on_my_ipad mini <digit> sometimes in the_middle_of the video it play from the_begin again but the audio stay where it be originally play and i always_have to exit the video and watch it again for it to work it happen all the time pls_fix;<br>2: i_can't play video now i open the_app click_on_a video and_then it stop load after <digit> second and_then close the_app;<br>3: a very large percentage of the video i watch have to be close and_reopen on_my_ipad because the video just_freeze but the audio_keep play;<br>,10
topic6,1.942196,multiple time; internet browser; important thing,0,11.49,1: i_want_to watch video on_my_phone but_nothing work;<br>2: e let say if i upload a_video and after few_day i have <digit> view and i come to realise that the sound quality be not good or there_be_a part that i didn't want_to include in it and decide_to work on the_same video and wish to update the_old one to the correct one without loose my <digit> view;<br>3: <digit> out_of_my <digit> recommend video be from that series that i watch <digit> video on and didn't enjoy;<br>,11
topic6,1.521135,wont load; audio continue; nothing happen,0,12.03,1: ever_since_the newest_update i_can't stop accidentally_skip around the video worst_update for anything i have ever see;<br>2: all the time the video make robotic noise and you cant understand what you're watch;<br>3: video and audio be out_of_sync;<br>,12
topic6,1.610176,subscribe channel; ipad mini; skip forward,0,12.04,1: ever_since_the last_update i_can't play video;<br>2: i_can no_longer watch youtube video on_my_phone fix_it or i will delete the_app;<br>3: whatever you_guy do to the_last_update i_can_only watch video in 450p now;<br>,13
topic6,1.801976,spring day; error message; last time,0,12.05,1: with ad that count down after 5secs and you_should be_able_to click the right edge of the siri remote it sporadically decide_to work and not_work;<br>2: now every_time_i try_to open the_app it go vertical and it completely freeze i_can't do_anything;<br>3: they freeze the view on the mv like in the bts not today and spring_day;<br>,14
topic6,2.045819,home page; spring day; mise jour,0,12.06,1: a_few problem <digit> home_page will automatically scroll up after i_click_on a_video <digit> the ad be overly repetitive and more often than not with not relevant <digit> i_can't play music in the_background overall the webpage could probably do the job just the_same if not better without have the_app;<br>2: i be unsubbed from all_my favorite channel all_my watch_later vids go all_my playlist go subscribe_to people i unsubscribed to a year_ago;<br>3: i_can't subscribe_to anyone or comment on any_video;<br>,15
topic6,2.621407,full screen mode; screen mode; ipad air,0,12.07,1: i_haven't be_able_to watch video lately;<br>2: my_playlist now play on shuffle for_no_reason and lot_of crash sayin the video isn't avaible or no_connection;<br>3: good_but a_lot_of the time i press the like button for a_video on_ipad and it_doesn't_work so i_can't like video also_sometimes the comment don't_load and i_can't see them;<br>,16
topic6,2.869909,skip forward; lgbt community; restrict mode,0,12.09,1: i_love_youtube but i've_try_everything and i_can't play youtube fix_this i really don't wanna have to just_stop watch youtube;<br>2: however now whenever_i_want_to watch_a video i_can't because it just error the video say reload try_again or the stuff it_say;<br>3: so now i_can't play anything on_my_ipad;<br>,17
topic6,1.672043,keep crash; wont play; try reinstall,0,12.10,1: but when_i'm watch_a video sometimes the audio will keep play but the youtube video pause or replay from the_begin;<br>2: i_can't_even minimize youtube without interrupt payback yet several competitive apps_that also play youtube video can play in the_background just_fine;<br>3: none_of my video be play;<br>,18
topic6,2.351878,relate video; wrong tap; bug fix,relate video; bug fix; stupid message,12.11,1: something when wrong error show_up for every_video;<br>2: no ability_to refresh a page no comment view no relate_video;<br>3: like for_example it all start yesterday night while i be search a_video that i_want_to watch i find it click_on it but_for_some reason it always_crash;<br>,19
topic7,1.301483,make money; keep crash; get stick,0,11.30,1: why_can't u just make it swipe leave to remove from recommend;<br>2: hate the two button ext to the pause;<br>3: why_can't i just go_onto_a page with them;<br>,1
topic7,1.397031,last time; make sense; billion dollar,0,11.34,1: also fix_your monetisation you've make every youtuber worse_than goat with herpes;<br>2: thank_for make it impossible_to direct reply_to a user what's the_point_of even have a forum that restrict you to just make random comment;<br>3: hi my name be ms yvettemarie and when make my review i'm go_to be_honest and upfront cause that's what i do always honest with people yeah tell em straight me best way_to be i_reckon and the truth be i_reckon youtube be pretty slack because when_i try_to load a_video it_take a_good 10_minute to load and i_reckon it can't be issue_with my_wifi because i always_have sufficient wifi and so i'm guess the issue must_be on youtube's side which_be a_bite unfortunate because youtube as a very proud very strong black woman who descend from be part aboriginal malaysian and although very proud of my malay heritage i identify as be aboriginal very proud of my race and where i come_from and i only access your channel to educate myself on my wonderful history and culture of indigenous australia but i have to say i'm quite disappoint when your video take_forever_to load and so i would please ask that you rectify any issue you may_be encounter on your end thank so_much and overall i_reckon your_app be marvellous despite the problem i encounter try_to get the video to load so good one thank guy;<br>,2
topic7,1.603189,fix something; subscription page; main thing,0,11.35,1: put it back_to how it be and fix these bug;<br>2: this stupid bug have be bug me for month and result me to pay extra for my bill;<br>3: with bug like go_to your favourite youtube's and if not display there channel properly it make the youtube experience bad for the customer;<br>,3
topic7,1.223582,bug fix; get stick; bring back,0,11.38,1: must_be a glitch or a bug;<br>2: or a bug u have update;<br>3: i_can't_watch anything_anymore because an_ad will_load fully but not play;<br>,4
topic7,0.996984,slide bar; rewind button; social medium,0,11.39,1: i rat this_app for 1_star only cauz these update make no sense at_all make it more worse;<br>2: youtube's video recommendation make as_much sense as <digit> <digit>;<br>3: save a_video be just stick_at <digit> and doesn't move;<br>,5
topic7,1.546340,home button; keep get worse; find anything,0,11.41,1: i waste to much safari internet cause i watch yt like <digit> <digit>;<br>2: why_do u make it <digit> i watch nothing violent just sometimes put it to <digit>;<br>3: cause <digit> also mean mature audience it mean m rat;<br>,6
topic7,3.192448,subscribe channel; recommend section; wifi connection,home trend; skip forward; subscribe channel,11.43,1: i_know it's_not my_internet as i be_able_to watch other video such_as stream netflix in_hd;<br>2: video that i've already watch aren't be mark as view anymore;<br>3: app no_longer show what video you have watch in subscribe_channel;<br>,7
topic7,1.566272,many people; cellular data; keep crash,0,11.45,1: i never think i_could delete this_app one_day but i do believe im not the_only_one who be drive nut by this version;<br>2: i like the_fact_that i_could view a vertical footage fullscreen without have to go horizontal and see <digit> 3rds of black;<br>3: this_app never_have any trouble until the_latest_update;<br>,8
topic7,1.282482,try delete; mise jour; pathetic effort,0,11.47,1: should have make this_app to require io <digit> because most people don't have newer phone and can't afford them;<br>2: and also_why would you make youtube <digit>;<br>3: depuis <digit> semaines je n'arrives pa regarder de vid_os sur youtube et pourtant ma copine qui a le m_me t_l phone que moi y arrive sans probl me;<br>,9
topic7,1.938793,free trial; many bug; say error,0,11.47.1,1: <digit> a_month to get it and their free_trial you still need_to pay_for it that's be not what a free trail be youtube;<br>2: there's_a bug for my_phone that i_can't_watch any_video it will_just_freeze there and it have be <digit> 3days;<br>3: i_can't_watch anything on this_app every_time_i open it crash;<br>,10
topic7,2.259685,grey screen; multiple time; make sense,0,11.49,1: it keep_on say_something_go_wrong please_try_again and this only_happen on the iphone_5s every_other phone or ipad i_try use youtube on it work normally and yes youtube be update on all_device;<br>2: stop make thing difficult_to use;<br>3: fix_your stupid issue_with youtube i_can listen_to youtube on_my_ipod no_problem but the minute i_try to play something on_my_iphone then it_doesn't_work and i get the stupid something_go_wrong grey_screen and_it's_really annoy my_ipod isn't eligible for io_10 so it's under that version but my_phone be up to date;<br>,11
topic7,1.646844,rewind button; party apps; stop change,0,12.03,1: once we get use to one interface it change again;<br>2: new developer be need_to get a_fresh perspective on all the problem_with_this app;<br>3: it's horrible it's_hard to get use to and more complicate;<br>,12
topic7,1.593583,say something; grey screen; background play,0,12.04,1: ever_since that last_update i_can't_watch any_video;<br>2: this doesn't mean much since i_can't_watch anything in there or anywhere else for that matter every_single_video i_try to view flip into a_black_screen with an_error_message announce it couldn't be view;<br>3: i_can't_watch any_video until_they be like a day old;<br>,13
topic7,1.629524,say error; last time; keep crash,0,12.05,1: this_app better get it act_together;<br>2: new developer be need_to get a_fresh perspective on all the problem_with_this app;<br>3: try_again and frankly it's get quite_annoy;<br>,14
topic7,2.049317,single video; keep get; nothing happen,0,12.06,1: after <digit> freak update it do_not fix the video problem it_keep_say something_go_wrong_tap to_retry and it_keep_say the_same_thing in every freak video gonna delete this_app now;<br>2: youtube you_need_to fix the something_go_wrong stuff because i_can't_watch my_favourite_youtubers because_of this;<br>3: so i be delete this_app and will use youtube browser until it get fix as this be garbage for_me;<br>,15
topic7,1.608072,next time; third party; get stick,0,12.07,1: if_you keep_on people will just uninstall your cancerous app and move on because we_don't need that unecessary torture you make for us you as lick sh eater;<br>2: well i advise you to use insecticide next_time to kill all the bug;<br>3: i forget to update my review of the_last couple year to hey it actually stabilize and wasnt a_pain too late cuz now every launch your gdmn app tell_me to upgrade my_ipad to make use of latest feature;<br>,16
topic7,2.149572,live stream; would rate; restrict mode,0,12.09,1: it crash that much i_can't_watch anything something_go_wrong;<br>2: scheme to get people to subscribe_to youtube_red i see;<br>3: except you don't see us as people like you and you make that clear;<br>,17
topic7,1.480642,ipad mini; keep get; wifi connection,0,12.10,1: since_the new_update i_can't_watch anything it_keep_say oups something_go_wrong it happen at my school so i_think it be the wifi but it do it even_when i'm use my_wifi;<br>2: i update it and now i_can't get into it please_fix_this;<br>3: i use an_ipad and phone i update the ipad version and my god it be_terrible can't_even load a_single_video or ad;<br>,18
topic7,1.519523,background play; something wrong; bug fix,0,12.11,1: something_go_wrong be all i get;<br>2: cannot_play_any_video all i get be something_go_wrong screen;<br>3: i don't have youtube_red and i_can't_watch any_video on this_app;<br>,19
topic8,1.334555,keep crash; cellular network; get stick,0,11.30,1: every_time_i see a_new youtube io update my body fill instantly with joy;<br>2: every_time_i see a_new youtube io update my body fill instantly with joy;<br>3: youtube keep_crash for_me so i be tell to delete it from my_phone and try_again;<br>,1
topic8,1.541531,whats wrong; make sense; billion dollar,0,11.34,1: i don't have a issue_with the youtube app it's great_app and i've be enjoy the recent_update to it but this new_one be just bad i'll be specific the_comment_section be bad because it look awful just try_to see more reply send_me to some dumb sub page and again it look awful hopefully the_next_update return_to the previous one;<br>2: the previous time i delete my youtube an download it again it tell_me i need_io_8;<br>3: i be about_3 month_ago and i be clear out my_phone but then i delete youtube;<br>,2
topic8,2.660211,subscription fee; landscape mode; comment section,subscription fee; relate video; landscape mode,11.35,1: it would_really improve the youtube experience for us user if_you_could solve_this problem;<br>2: i'm a iphone_4 user and this irritate me a_lot;<br>3: since_upgrade to io_10 and install the_new_update of youtube;<br>,3
topic8,1.223582,bring back; get stick; bug fix,0,11.38,1: this_app have an_update and wouldn't do the update i've now delete the_app and now i_can't download it this be_really_annoy;<br>2: i will have to either restart_my_phone or close the_app wait 10_minute then try_again;<br>3: i_try delete the_app and download it again but it didn't fix anything;<br>,4
topic8,1.198623,subscription page; cant see; social medium,0,11.39,1: it would be_nice if your next_update allow music to be play without need the_app to be open constantly;<br>2: problem_with_this app be every_time you open a_new mpg the_app change setting to auto which_be 1080dpi chew up all_of your data this be so_stupid because i doubt iphone_or ipad even_support <digit> i_can't see the difference_between 480dpi and any higher i've write to utube assistance on <digit> occasion now and not one reply the setting should stay as you set them not do as they please;<br>3: when_i try open the_app in app_store it's denial;<br>,5
topic8,1.540172,long time; keep get worse; ipad air,0,11.41,1: i have use this_app for very long_time but_now i_cannot even use the_app as it cannot load my_account even i switch account it still_can't load;<br>2: use the_app for_year and it keep_get_worse and worse;<br>3: please_fix_this bug and it would also be_very helpful if_you could_give us an_option_to use an_older_version of the_app;<br>,6
topic8,1.539693,next time; use safari; wont work,0,11.43,1: phone be also run very hot while use the_app;<br>2: the_new_update make the_app so slow and it crash so frequently that i just think_it's honestly a waste_of time;<br>3: i_love the_app but since update the current_version this_app;<br>,7
topic8,1.643749,double tap; keep write; keep crash,0,11.45,1: i_don't_like it because i've be so use to the tab icon be at the_top and now it's be move to the_bottom it's also harder_to see them because_they aren't red anymore and they hide with the_background colour color which_be white;<br>2: the_new_update won't_work and now my app can't_open i_try delete it and download it again but it just_say wait;<br>3: the_bottom tab selection be_horrible move it back_to the way it be which_be at the_top;<br>,8
topic8,1.503429,would rate; pathetic effort; obvious option,0,11.47,1: if i_could_give it a negative score i would;<br>2: i don't_understand_why something like youtube would feel the need_to keep add new_feature;<br>3: look_like whomever design the ui need_to be replace with someone_who understand modern interface design and can_see beyond the exist issue;<br>,9
topic8,1.601444,many people; playback speed; keep press,0,11.47.1,1: also it'd be_great if_you have more control over your channel from the_app i;<br>2: it make me close out the_app and restart;<br>3: every ubdate they do only make the_app worst;<br>,10
topic8,1.807299,message say something; keep get; error message,0,11.49,1: any_video i_click_on it'll give_me_an_error message_say_something go_wrong i_can't_watch anything on the_app;<br>2: i_can't_watch anything i keep_get error_message even_though it's be update what's the_point_of have this_app if i_can actually watch_any_video;<br>3: i_want_to use the_app but i_can't because you aren't let_me;<br>,11
topic8,1.801356,billion dollar; stop work; stop change,0,12.03,1: after this update the_app open but won't_play_any_video;<br>2: multi billion_dollar company and you think_it's a_good idea to not allow audio playback while the_app isn't open on my_screen;<br>3: the_app auto update and now it wont play_any_video;<br>,12
topic8,1.920449,keep press; many bug; search history,0,12.04,1: force low resolution over mobile network make this_app useless;<br>2: also i keep_press the like button but it accidentally make me want_to comment on the comment;<br>3: basically make everything slower significantly and make the view worse;<br>,13
topic8,2.224077,full screen; last time; spring day,0,12.05,1: new_update make it more useless then before;<br>2: also i have_trouble exit from full_screen;<br>3: it would be good if_you_could actually play a_video;<br>,14
topic8,2.260448,single video; terrible layout; spring day,0,12.06,1: i go_to open the_app on_my_phone and my_phone glitched and freeze;<br>2: before this update the_app work_perfectly but_now they screw something up because the_app crash all the time;<br>3: it log_me out when_i first open the_app after the update and every_time_i try_to log_in it_keep_say there's_an_error at this time;<br>,15
topic8,1.359576,cellular data; billion dollar; many bug,0,12.07,1: i delete the_app and_re_download the_app and still not a_single_video will_load;<br>2: after delete the_app and try_to download again it_say the_app be already ready to open;<br>3: the_new_update generally make the_app worse;<br>,16
topic8,1.920526,useless feature; nothing work; stupid message,0,12.09,1: the_app hasn't let_me play_any_video for a_while now how have this not be fix yet;<br>2: fix bug that would be_useful_for a better youtube experience_instead_of fix the one that nobody_care and add useless_feature to the_app;<br>3: fix bug that would be_useful_for a better youtube experience_instead_of fix the one that nobody_care and add useless_feature to the_app;<br>,17
topic8,1.605674,useless feature; ipad mini; multiple time,0,12.10,1: fix bug that would be_useful_for a better youtube experience_instead_of fix the one that nobody_care and add useless_feature to the_app;<br>2: seriously youtube get the_app fix;<br>3: i bet you won't_even read any review from your_user because you care so_much about the money make from add advertisement to the_app;<br>,18
topic8,1.826659,watch anything; several time; stupid message,0,12.11,1: please_fix_this or make a better youtube app;<br>2: you have be work on this_app for <digit> year_and you cant make a simple enjoyable app;<br>3: we_can barely watch_anything on this_app without a stupid_message block our_way;<br>,19
topic9,1.604011,right hand; get stick; billion dollar,0,11.30,1: in the_last_few day since_the latest_up date a_video will_play for_a_few minute and_then all_of a_sudden without_me touch any_video change to another in the list;<br>2: all without_me touch any vid other_than the first one choose and none p age right through;<br>3: then that play for a minute_or so then the video change again to another random vid on the right_hand side recommendation and so it go_on;<br>,1
topic9,1.586465,web browser; use safari; say error,0,11.34,1: also you_need_to change the_comment_section back;<br>2: change the comment style back as_well;<br>3: it's_very_annoy so please_change it back;<br>,2
topic9,1.785724,dosent work; keep write; auto play,0,11.35,1: in the_last_few day since_the latest_up date a_video will_play for_a_few minute and_then all_of a_sudden without_me touch any_video change to another in the list;<br>2: repeatedly get a keep disregard pop_up that_you_can remove and have to restart the_app;<br>3: i_can't get back on my_account;<br>,3
topic9,0.983530,live stream; get stick; wont work,0,11.38,1: when_ever you watch_a live_stream that be finish a_few_hour ago it glitch_out and act_like it be still live but start five second until it's finish;<br>2: when_i try_to watch_a video it will_play until about half_way and_then it will skip the picture to the near the end but the sound will_still be where i be still watch and_then when_i try_to put skip it back_to where i be it just go_to the start;<br>3: honestly do you not test and retest and_then test again to ensure you have cover every possible scenario before_release_an update;<br>,4
topic9,0.948631,try everything; subscription page; use safari,0,11.39,1: i have try_everything well maybe not everything i've turn_off my_ipad and turn it back on i've turn_off my_internet and turn it back on any many_other thing but_nothing work;<br>2: i watch_a video for_a_few minute and turn the screen off for_a_few minute to watch_later;<br>3: serve it basic function well there_be ad but that's alright since it's a free app anyway;<br>,5
topic9,1.582462,home button; find anything; ipad air,0,11.41,1: make_an app of youtube be a_great idea i_think i be_very impress of the neatness and effort they put into it;<br>2: please_fix_this bug and it would also be_very helpful if_you could_give us an_option_to use an_older_version of the_app;<br>3: cause <digit> also mean mature audience it mean m rat;<br>,6
topic9,1.898410,home trend; home page; use safari,0,11.43,1: please_fix_this issue i_don't_like have to get_out_of bed to hop on my_pc and watch youtube;<br>2: you're make the_app look worse and feel worse each_update;<br>3: please_fix_this issue as fast as_possible as i be really get tire_of the_app be unresponsive;<br>,7
topic9,1.554336,double tap; full screen; many people,0,11.45,1: plus if_you back out_of the_app while_watch a_vid in_landscape than go_back into the_app i'm stick_on a_black_screen force me to shut_down the_app entirely and start again;<br>2: kind_of defeat the exact purpose_of the_app;<br>3: it get update and now it crash as_soon_as i_click_on the_app;<br>,8
topic9,2.450602,relate video; side bar; multiple time,0,11.47,1: and sometimes open the_app crash my_phone completely;<br>2: when_ever i_click_on a relate_video the_app crash it be so_annoy pls_fix this_asap;<br>3: whenever_you click_on_a video on the side while a_video be already open the_app crash;<br>,9
topic9,1.614568,keep press; third party; nothing work,0,11.47.1,1: please_fix_this this be like the_main function of the_app and it's break i'm currently use vpn but it shouldn't_be a problem because the connection be there;<br>2: click it to open and the_app drop i have to wait awhile until i_can finally use it without it crash on me;<br>3: hello i this application be_great i just find it a_little bugy for_example i_try to create a chanel to change_my user picture but it do like it go_to open it during like a half second and_then close right back please_fix it thank_you;<br>,10
topic9,1.594925,grey screen; home button; landscape mode,0,11.49,1: i be listen_to_music on youtube like always i go_into another app for not_even a minute i come_back and i_can't play_any_video all it_say be something_go_wrong_tap to try_again;<br>2: can initially connect and start cast but connection be drop within a_couple minute and_then be_unable_to reconnect;<br>3: i've_try_everything and nothing's work please_fix_this;<br>,11
topic9,1.772399,skip thing; home page; double tap,0,12.03,1: but there_be one problem now after apple put out it latest_update youtube have be turn_off it because after awhile of not touch the screen my_device will turn_off but before the update it wouldn't;<br>2: cannot skip_ad please put the skip_button back again;<br>3: there_be delay of a second;<br>,12
topic9,1.607103,background play; major problem; grey screen,0,12.04,1: the_app open_up but won't_play_anything at_all;<br>2: i select a_video and it_say_something go_wrong i've_try every thing please_fix;<br>3: it cut_off a_lot_of content and i be basically unable_to use the_app at_all;<br>,13
topic9,2.026118,watch vids; stop work; full screen,0,12.05,1: leave the_app alone and stop constantly update with useless improvement;<br>2: i uninstalled and instal the_app sign_out of my_account and log_in back then unplug my_wifi_connection then plug in back and it_doesn't_work;<br>3: everywhere you look there's_an advertisement;<br>,14
topic9,1.618009,home page; many time; grey screen,0,12.06,1: when_i tap_on a_video to_watch it it start to load_but then it_say_something go_wrong;<br>2: except turn your_phone off and_then back on;<br>3: a_few problem <digit> home_page will automatically scroll up after i_click_on a_video <digit> the ad be overly repetitive and more often than not with not relevant <digit> i_can't play music in the_background overall the webpage could probably do the job just the_same if not better without have the_app;<br>,15
topic9,1.559269,stupid message; watch anything; wont load,0,12.07,1: please_fix your problem or if not yours tell io apple to fix their problem;<br>2: please_fix_this problem or i will have to permanently delete the_app;<br>3: look_like the problem be not isolate;<br>,16
topic9,2.147451,scrub bar; nothing work; playback issue,0,12.09,1: i bet you won't_even read any review from your_user because you care so_much about the money make from add advertisement to the_app but why_can't you just add a 5_second_skip button to every ad and also put an_ad_at every_single_video;<br>2: whenever_i play a_video it_say not_available no_matter_what i_try;<br>3: i_know advertisement be important for your business but why_can't you just add a 5_second_skip button to every ad and not put an_ad_at every_single_video;<br>,17
topic9,1.603267,pathetic effort; obvious option; pause button,0,12.10,1: it's_lack basic and obvious_option and be a_legitimately pathetic_effort;<br>2: i_know advertisement be important for your business but why_can't you just add a 5_second_skip button to every ad and not put an_ad_at every_single_video;<br>3: please_make it so that i_can turn it off in the_next_update;<br>,18
topic9,1.360955,background play; several time; nothing happen,0,12.11,1: it keep_tell_me something_go_wrong_tap to_retry i tap it close the_app then back in and turn_off my_phone then go_back in;<br>2: <digit> of the time i_click_on a_video it's crash the_app plus there's so_much ad i_don't_know if that's the publisher ad or youtubes ad please_fix i'm get tire_of this;<br>3: <digit> mental autistic monkey could code a better app than this sluggish bloat junk that lock background_play behind youtube_red which_isn't even available_in canada yet;<br>,19
topic10,1.606773,audio keep; right hand; billion dollar,wrong tap; web browser; watch anything,11.30,1: it won't_work come_on get it together like_wtf i really_want_to watch video thank_you very much;<br>2: i_can't_even play_any song on_my_phone or my itunes song i_want my <digit> dollar back because i_can't_even play my song i buy on itunes;<br>3: i'll watch one video and_then get a something_go_wrong_tap to_retry;<br>,1
topic10,2.131065,say error; make sense; billion dollar,say error; make sense; web browser,11.34,1: thank_for make it impossible_to direct reply_to a user what's the_point_of even have a forum that restrict you to just make random comment;<br>2: so i be on youtube this_morning and i saw the youtube comment be different and it be almost impossible_to figure_out what do what;<br>3: this update be crazy the comment be_horrible and when_ever i press view_all reply it_take me to a completely different place;<br>,2
topic10,4.565439,many people; playback error; full screen,live stream; full screen; comment thread,11.35,1: every_time_i try_to watch_a live_stream on youtube it just restart the video every 10_sec which_be really_annoy please_fix;<br>2: all i_can_see now be a list_of recommend video and can't_see if any_of the people i'm_subscribe_to have upload new video;<br>3: can_you_guy please_fix some_of the video which_be block on_mobile_device please unlock it in the_next_update some how the video when_i watch in the_middle_of the video it go all the way_to the start can_you fix_it;<br>,3
topic10,0.881709,subscription list; bring back; wont work,0,11.38,1: youtube have always be a_great application for watch video until a_few update_ago about <digit> minute into the video the footage would start again but the audio would countinue;<br>2: therefore once_you have watch it you_can hide it quicker than click into the video and click hide;<br>3: every_time_i want_to_watch a_video the ad load perfectly but not the_actual video if i_want_to watch the_actual video i would have to wait_for about a minute just so it could start and_then it'll buffer until it finish;<br>,4
topic10,1.596210,multiple time; pause button; social medium,0,11.39,1: please_make it so the screen doesn't time put while_i'm watch video it's_very_annoy to have to touch my_screen especially when watch long video or music video;<br>2: after_update i_could watch video only for_a_few time and later on all video could be load properly but the video continue_to be_stick_at <digit>;<br>3: just before the recent_update i_couldn't watch certain video and now after the update i_haven't be_able_to watch_any;<br>,5
topic10,1.501034,keep freeze; find anything; ipad air,0,11.41,1: i_love_youtube i get to_watch all different type of video and picture i watch the merrell twin and the dolan twin the most so i_think youtube be_great;<br>2: add be refuse_to load so i_can skip_them prevent me from watch video;<br>3: after the_latest_update i_can not_even watch video;<br>,6
topic10,1.582823,keep write; get notification; next time,0,11.43,1: stop add thing to it;<br>2: flood with add get beyond the joke the one where_you_can skip after 5sec be_fine_but the <digit> 30sec add be a head fck also how_do you see where_you comment on a_video;<br>3: stop add feature in update and fix the_app;<br>,7
topic10,1.502973,live stream; keep write; progress bar,0,11.45,1: since_the last_update i_cannot watch video i get the add if i be lucky but then it won't download the video then i get the message error;<br>2: i update because the release note promise that thumbnail of partially watch video would show how far in i previously watch;<br>3: slow and buggy make watch search_for video really_annoy;<br>,8
topic10,1.926141,double tap; pathetic effort; obvious option,0,11.47,1: i use to love_youtube however this last_update add a feature that_you_can double_tap_to skip or rewind 10_second and it's do it when_i'm try_to exit a_video;<br>2: i_want you to add a feature that_you_can report channel since there_be big channel what's tend go_on a_video new beat and comment stuff like why tf be this trend and on one_of my video;<br>3: i spend more time watch ad then content;<br>,9
topic10,2.575381,full screen; lock screen; keep write,0,11.47.1,1: i'm_not_sure if i'm the only person_who have this_problem when watch youtube but before a_video when an_ad be play the ad will freeze i_can't press that play_button i_can't do_anything about it this mean that i generally can't_watch these video at_all this have only_happen with one add and that be the michael phelps add about his lab top;<br>2: i_can read comment look_at thumbnail but i_can't to the_main function on youtube which_be watch video;<br>3: can_you stop put to much advertisement in between a_video when that video length be long;<br>,10
topic10,2.004053,keep press; audio continue; recommend section,0,11.49,1: it always a error have_occur i_can't_even watch my_own video;<br>2: so now i_can't_even watch video;<br>3: it_always_say something_go_wrong i_can't_even watch_a video;<br>,11
topic10,2.410702,pause button; double tap; skip thing,pause button; billion dollar; double tap,12.03,1: get_rid_of the feature be you double_tap_to go forward_or_backwards <digit> of_people hate this;<br>2: you've previously have icon beside the pause_button instal for this feature and i feel that this would be a much more effective place for this command as it eliminate this annoyance;<br>3: the new skip_10_second feature suck;<br>,12
topic10,2.133675,double tap; important thing; lock screen,0,12.04,1: get_rid_of the new skip time feature;<br>2: please_remove the feature to double_tap leave or right on the screen to skip_10_second it's_really_annoy and the subtitle be too small and low;<br>3: the double_tap_to skip_10_second feature be annoy;<br>,13
topic10,1.708092,double tap; watch vids; single video,0,12.05,1: so now i_can't_even skip add;<br>2: tho no one at youtube will see this i_could find a way_to disable the fast foward thing and if_you_can then it isn't easy enough;<br>3: youtube need_more add have add at the start of the vid every 2min into a_video be not enough please flood youtube with more add we_don't come here to watch_vids we be here for the add;<br>,14
topic10,1.574115,home button; free time; side bar,0,12.06,1: after the_newest_update it_won't_let me watch video it just_say_something go_wrong;<br>2: i_cant seem_to watch video of who ive subscribe_to;<br>3: the_comment_section isn't show_up on any_of the video i watch;<br>,15
topic10,2.715109,double tap; full screen mode; ipad air,0,12.07,1: it be impossible_to watch video with the double_tap_to skip option;<br>2: i be a_big youtube fan and i watch it every night after school but i watch two video and that annoy screen pop_up better yet i do tap_to_retry but it_doesn't_work;<br>3: it's impossible_to watch video on this_app;<br>,16
topic10,3.836957,useless feature; web browser; playback issue,useless feature; playback issue; lgbt community,12.09,1: fix bug that would be_useful_for a better youtube experience_instead_of fix the one that nobody_care and add useless_feature to the_app;<br>2: fix bug that would be_useful_for a better youtube experience_instead_of fix the one that nobody_care and add useless_feature to the_app;<br>3: if i_could add the_middle finger emoji would;<br>,17
topic10,2.678726,useless feature; double tap; playback issue,double tap; keep get; multiple time,12.10,1: ever_since_the latest_update the_app have be lag like hell and it_won't_let me scroll_through the description_of video or the comment;<br>2: i freak hate that you change the more comment thingy;<br>3: also when_i scroll_down at_the_bottom comment it buffer it's_not mild buffer but it's infinite buffer;<br>,18
topic10,2.481511,wrong tap; keep get; keep show,wrong tap; web browser; watch anything,12.11,1: it won't_work come_on get it together like_wtf i really_want_to watch video thank_you very much;<br>2: i_can't_even play_any song on_my_phone or my itunes song i_want my <digit> dollar back because i_can't_even play my song i buy on itunes;<br>3: i'll watch one video and_then get a something_go_wrong_tap to_retry;<br>,19
topic11,1.556543,get stick; keep crash; long time,0,11.30,1: seriously when_you have idiot spamming you on_facebook or someone you_can't exactly ingore for_a_bite it's kinda stupid how you cant put your_phone on silent to_watch youtube i swear it so_stupid;<br>2: youtube be suppose_to be a free app for people to_watch their favourite youtuber but_now you have to pay to_watch a_bunch_of stuff;<br>3: for the love of_god please_fix_this;<br>,1
topic11,1.402314,long time; say error; wifi connection,0,11.34,1: hi my name be ms yvettemarie and when make my review i'm go_to be_honest and upfront cause that's what i do always honest with people yeah tell em straight me best way_to be i_reckon and the truth be i_reckon youtube be pretty slack because when_i try_to load a_video it_take a_good 10_minute to load and i_reckon it can't be issue_with my_wifi because i always_have sufficient wifi and so i'm guess the issue must_be on youtube's side which_be a_bite unfortunate because youtube as a very proud very strong black woman who descend from be part aboriginal malaysian and although very proud of my malay heritage i identify as be aboriginal very proud of my race and where i come_from and i only access your channel to educate myself on my wonderful history and culture of indigenous australia but i have to say i'm quite disappoint when your video take_forever_to load and so i would please ask that you rectify any issue you may_be encounter on your end thank so_much and overall i_reckon your_app be marvellous despite the problem i encounter try_to get the video to load so good one thank guy;<br>2: ive notice since_the update that video buffer after a_couple second_of play and it_take a very long_time to load;<br>3: i attempt_to view_any_video all i get be a_message at_the_bottom that say_error while load video what's the_point_of have youtube if_you cannot_even view anything in_my_subscription;<br>,2
topic11,2.434004,sub box; full screen; relate video,0,11.35,1: why be it <digit> yet there_be kid like mattyb and those idiot;<br>2: it_say there_be 2k comment but it only show like <digit>;<br>3: i write this about <digit> month_ago and it still happen and more;<br>,3
topic11,1.466969,take age; get stick; bring back,0,11.38,1: thumbnail and ad load fine_but video don't at_all;<br>2: not_only will it not let_me load the video i_want_to watch the ad at the beg won't_even load;<br>3: every_time_i want_to_watch a_video the ad load perfectly but not the_actual video if i_want_to watch the_actual video i would have to wait_for about a minute just so it could start and_then it'll buffer until it finish;<br>,4
topic11,1.596210,multiple time; pause button; social medium,0,11.39,1: this_bug defeat the purpose_of youtube by not_be_able to_watch video;<br>2: when_i click_on_a video to_watch it load_but doesn't_play;<br>3: my video all_of a_sudden don't_play;<br>,5
topic11,1.546364,full screen; long time; keep freeze,0,11.41,1: everything be okay but this auto full_screen where_you want_to_watch it full_screen switch out even_though you be in a horizontal position;<br>2: my video_won't_play anymore but they will_still load plz_fix it;<br>3: after the update i_can no_longer_play video on youtube even_though the video have load;<br>,6
topic11,1.299334,get stick; auto lock; play button,0,11.43,1: my video and ad won't_play but still load;<br>2: ever_since_the new_update now my video don't_play not_even the ad work plz_fix;<br>3: middle_of video ad interrupt at the worst time make video unwatchable;<br>,7
topic11,1.906447,something wrong; keep get; playback error,0,11.45,1: just_sit_there load_but never actually load;<br>2: the video will be load and the first_frame be show but the video_won't_play not_even ad;<br>3: when_i click_on_a video to_watch it do_not load;<br>,8
topic11,2.771909,scrub bar; auto play; side bar,0,11.47,1: no video i've_try have play even the ad freeze;<br>2: latest_up date prevent video from play even ad video;<br>3: even the ad won't_play and after i get_rid_of the ad by click_on multiple video the video itself won't_play;<br>,9
topic11,2.152088,lock screen; relate video; wont work,0,11.47.1,1: <digit> of the time when an_ad go_to play well i'm watch_a video the ad freeze_at_0 second and i have to_close the video to fix_it;<br>2: i_can't play video now i open the_app click_on_a video and_then it stop load after <digit> second and_then close the_app;<br>3: on_my_ipad mini <digit> sometimes in the_middle_of the video it play from the_begin again but the audio stay where it be originally play and i always_have to exit the video and watch it again for it to work it happen all the time pls_fix;<br>,10
topic11,2.071165,try delete; try everything; full screen,0,11.49,1: every_time_i go_to watch_a video now it get up onto the ad and never start so it's useless;<br>2: unable_to watch video as it be_unable_to load no_matter_how_many time i've retry;<br>3: so every_time_i try_to go watch_a video on_iphone se the video start to load and_then you_can_see the intro but then the video go_to the something_go_wrong_tap to try_again and_then i try_again and it_still_doesn't work and_then i switch the video to_see if the video be the problem but it just do the_same_thing it do with the_last one;<br>,11
topic11,1.140734,full screen; subscription fee; wont load,0,12.03,1: i keep accidentally_skip ad be almost always 30_second and you_can't skip_them and now there_be like <digit> ad per video;<br>2: this update be honestly the worst thing so_far it be annoy when_i accidentally_skip <digit> 30_second try_to go_out_of full_screen for something;<br>3: still_can't play video since <digit> update just freak fix_it;<br>,12
topic11,1.717223,wrong tap; cellular data; major problem,0,12.04,1: ever_since_the new_update i would click_on_a video to_watch and it would load for <digit> second_then tell_me_something_go wrong_tap it again and when_i tap it the_same_thing pop_up and even_when you go_on a_different video it pop_up again fix_it please;<br>2: also i watch_a 10_minute video and have <digit> ad;<br>3: also the ad don't_load at_all anymore and since you have to_watch the ad before the video if there's_an ad before a_video you're screw;<br>,13
topic11,1.727350,full screen; keep show; error message,0,12.05,1: have the_ability to look_up other video while currently watch video go_to the side picture_in_picture <digit>;<br>2: when_ever i'm go_to watch_a video it_say_something go_wrong_tap_to retry;<br>3: for_example i scroll past a jenna marble video then i scroll and pass <digit> video and click_on_a shane dawson video i make it full_screen then after i close the video i'm somehow back up to the jenna marble video;<br>,14
topic11,2.118380,keep get; side bar; home page,0,12.06,1: it won't_play the video i_click_on it but it_doesn't play so trash bruh;<br>2: the video won't_even play let_alone to aggravation of glitch;<br>3: it also quit play and doesn't_play many video;<br>,15
topic11,2.079234,black screen; single video; get notification,0,12.07,1: every_time you try_to watch_a video you be bombard by ad;<br>2: update this_morning now everytime_i try_to watch_a video the video area just black_screen and won't_play_anything but ad sound;<br>3: every_time_i go_to watch_a video it_say_something go_wrong_tap_to retry;<br>,16
topic11,2.219367,use safari; scrub bar; restrict mode,0,12.09,1: it_say the video ad be load_but it won't_play;<br>2: not_only that there's ton_of ad in the video not just at the_begin anymore like it use to be;<br>3: why the_heck do you put <digit> and 30_second advertisement without_any 5_second_skip button at_every_single f_cking video that i_try to_watch;<br>,17
topic11,1.852582,wont play; error message; multiple time,0,12.10,1: my video_won't_play at_all it_keep_say something_go_wrong_tap to try_again no_matter_what video and no_matter_how_many time i tap it it just won't_play you_need_to fix_this_asap;<br>2: plus youtube video have a hard time say to my like video;<br>3: not_only that there's ton_of ad in the video not just at the_begin anymore like it use to be;<br>,18
topic11,1.281430,keep get; nothing happen; keep show,0,12.11,1: after the update some video can't load up or cut_off halfway and buffer say_there_be no_connection;<br>2: video spend about_3 5min buffer before play;<br>3: it will basically act_like it's go_to play but then act_like it's freeze or_something and won't_even get past the first second_of the ad or video;<br>,19
